Day of Week Day Element Day Animal Month Animal Nov 04, 2025 (Tue) Yin Fire Ox Hai Pig Nov 05, 2025 (Wed) Yang Earth Tiger Hai Pig Nov 06, 2025 (Thu) Yin Earth Rabbit Hai Pig Nov 07, 2025 (Fri) Yang Metal Dragon Hai Pig Nov 08, 2025 (Sat) Yin Metal Snake Hai Pig Nov 09, 2025 (Sun) Yang Water Horse Hai Pig Nov 10, 2025 (Mon) Yin Water Goat Hai Pig Nov 11, 2025 (Tue) Yang Wood Monkey Hai Pig Nov 12, 2025 (Wed) Yin Wood Rooster Hai Pig Nov 13, 2025 (Thu) Yang Fire Dog Hai Pig Nov 14, 2025 (Fri) Yin Fire Pig Hai Pig Nov 15, 2025 (Sat) Yang Earth Rat Hai Pig Nov 16, 2025 (Sun) Yin Earth Ox Hai Pig Nov 17, 2025 (Mon) Yang Metal Tiger Hai Pig Nov 18, 2025 (Tue) Yin Metal Rabbit Hai Pig Nov 19, 2025 (Wed) Yang Water Dragon Hai Pig Nov 20, 2025 (Thu) Yin Water Snake Hai Pig Nov 21, 2025 (Fri) Yang Wood Horse Hai Pig Nov 22, 2025 (Sat) Yin Wood Goat Hai Pig Nov 23, 2025 (Sun) Yang Fire Monkey Hai Pig Nov 24, 2025 (Mon) Yin Fire Rooster Hai Pig Nov 25, 2025 (Tue) Yang Earth Dog Hai Pig Nov 26, 2025 (Wed) Yin Earth Pig Hai Pig Nov 27, 2025 (Thu) Yang Metal Rat Hai Pig Nov 28, 2025 (Fri) Yin Metal Ox Hai Pig Nov 29, 2025 (Sat) Yang Water Tiger Hai Pig Nov 30, 2025 (Sun) Yin Water Rabbit Hai Pig Dec 01, 2025 (Mon) Yang Wood Dragon Hai Pig Dec 02, 2025 (Tue) Yin Wood Snake Hai Pig Dec 03, 2025 (Wed) Yang Fire Horse Hai Pig Dec 04, 2025 (Thu) Yin Fire Goat Zi Rat Dec 05, 2025 (Fri) Yang Earth Monkey Zi Rat Dec 06, 2025 (Sat) Yin Earth Rooster Zi Rat Dec 07, 2025 (Sun) Yang Metal Dog Zi Rat Dec 08, 2025 (Mon) Yin Metal Pig Zi Rat Dec 09, 2025 (Tue) Yang Water Rat Zi Rat Dec 10, 2025 (Wed) Yin Water Ox Zi Rat Dec 11, 2025 (Thu) Yang Wood Tiger Zi Rat Dec 12, 2025 (Fri) Yin Wood Rabbit Zi Rat Dec 13, 2025 (Sat) Yang Fire Dragon Zi Rat Dec 14, 2025 (Sun) Yin Fire Snake Zi Rat Dec 15, 2025 (Mon) Yang Earth Horse Zi Rat Dec 16, 2025 (Tue) Yin Earth Goat Zi Rat Dec 17, 2025 (Wed) Yang Metal Monkey Zi Rat Dec 18, 2025 (Thu) Yin Metal Rooster Zi Rat Dec 19, 2025 (Fri) Yang Water Dog Zi Rat Dec 20, 2025 (Sat) Yin Water Pig Zi Rat Dec 21, 2025 (Sun) Yang Wood Rat Zi Rat Dec 22, 2025 (Mon) Yin Wood Ox Zi Rat Dec 23, 2025 (Tue) Yang Fire Tiger Zi Rat Dec 24, 2025 (Wed) Yin Fire Rabbit Zi Rat Dec 25, 2025 (Thu) Yang Earth Dragon Zi Rat Dec 26, 2025 (Fri) Yin Earth Snake Zi Rat Dec 27, 2025 (Sat) Yang Metal Horse Zi Rat Dec 28, 2025 (Sun) Yin Metal Goat Zi Rat Dec 29, 2025 (Mon) Yang Water Monkey Zi Rat Dec 30, 2025 (Tue) Yin Water Rooster Zi Rat Dec 31, 2025 (Wed) Yang Wood Dog Zi Rat Jan 01, 2026 (Thu) Yin Wood Pig Chou Ox Jan 02, 2026 (Fri) Yang Fire Rat Chou Ox Jan 03, 2026 (Sat) Yin Fire Ox Chou Ox Jan 04, 2026 (Sun) Yang Earth Tiger Chou Ox Jan 05, 2026 (Mon) Yin Earth Rabbit Chou Ox Jan 06, 2026 (Tue) Yang Metal Dragon Chou Ox Jan 07, 2026 (Wed) Yin Metal Snake Chou Ox Jan 08, 2026 (Thu) Yang Water Horse Chou Ox Jan 09, 2026 (Fri) Yin Water Goat Chou Ox Jan 10, 2026 (Sat) Yang Wood Monkey Chou Ox Jan 11, 2026 (Sun) Yin Wood Rooster Chou Ox Jan 12, 2026 (Mon) Yang Fire Dog Chou Ox Jan 13, 2026 (Tue) Yin Fire Pig Chou Ox Jan 14, 2026 (Wed) Yang Earth Rat Chou Ox Jan 15, 2026 (Thu) Yin Earth Ox Chou Ox Jan 16, 2026 (Fri) Yang Metal Tiger Chou Ox Jan 17, 2026 (Sat) Yin Metal Rabbit Chou Ox Jan 18, 2026 (Sun) Yang Water Dragon Chou Ox Jan 19, 2026 (Mon) Yin Water Snake Chou Ox Jan 20, 2026 (Tue) Yang Wood Horse Chou Ox Jan 21, 2026 (Wed) Yin Wood Goat Chou Ox Jan 22, 2026 (Thu) Yang Fire Monkey Chou Ox Jan 23, 2026 (Fri) Yin Fire Rooster Chou Ox Jan 24, 2026 (Sat) Yang Earth Dog Chou Ox Jan 25, 2026 (Sun) Yin Earth Pig Chou Ox Jan 26, 2026 (Mon) Yang Metal Rat Chou Ox Jan 27, 2026 (Tue) Yin Metal Ox Chou Ox Jan 28, 2026 (Wed) Yang Water Tiger Chou Ox Jan 29, 2026 (Thu) Yin Water Rabbit Chou Ox Jan 30, 2026 (Fri) Yang Wood Dragon Chou Ox Jan 31, 2026 (Sat) Yin Wood Snake Chou Ox Feb 01, 2026 (Sun) Yang Fire Horse Chou Ox Feb 02, 2026 (Mon) Yin Fire Goat Chou Ox Feb 03, 2026 (Tue) Yang Earth Monkey Chou Ox Feb 04, 2026 (Wed) Yin Earth Rooster Yin Tiger Feb 05, 2026 (Thu) Yang Metal Dog Yin Tiger Feb 06, 2026 (Fri) Yin Metal Pig Yin Tiger Feb 07, 2026 (Sat) Yang Water Rat Yin Tiger Feb 08, 2026 (Sun) Yin Water Ox Yin Tiger Feb 09, 2026 (Mon) Yang Wood Tiger Yin Tiger Feb 10, 2026 (Tue) Yin Wood Rabbit Yin Tiger Feb 11, 2026 (Wed) Yang Fire Dragon Yin Tiger Feb 12, 2026 (Thu) Yin Fire Snake Yin Tiger Feb 13, 2026 (Fri) Yang Earth Horse Yin Tiger Feb 14, 2026 (Sat) Yin Earth Goat Yin Tiger Feb 15, 2026 (Sun) Yang Metal Monkey Yin Tiger Feb 16, 2026 (Mon) Yin Metal Rooster Yin Tiger Feb 17, 2026 (Tue) Yang Water Dog Yin Tiger Feb 18, 2026 (Wed) Yin Water Pig Yin Tiger Feb 19, 2026 (Thu) Yang Wood Rat Yin Tiger Feb 20, 2026 (Fri) Yin Wood Ox Yin Tiger Feb 21, 2026 (Sat) Yang Fire Tiger Yin Tiger Feb 22, 2026 (Sun) Yin Fire Rabbit Yin Tiger Feb 23, 2026 (Mon) Yang Earth Dragon Yin Tiger Feb 24, 2026 (Tue) Yin Earth Snake Yin Tiger Feb 25, 2026 (Wed) Yang Metal Horse Yin Tiger Feb 26, 2026 (Thu) Yin Metal Goat Yin Tiger Feb 27, 2026 (Fri) Yang Water Monkey Yin Tiger Feb 28, 2026 (Sat) Yin Water Rooster Yin Tiger Mar 01, 2026 (Sun) Yang Wood Dog Yin Tiger Mar 02, 2026 (Mon) Yin Wood Pig Yin Tiger Mar 03, 2026 (Tue) Yang Fire Rat Yin Tiger Mar 04, 2026 (Wed) Yin Fire Ox Mao Rabbit Mar 05, 2026 (Thu) Yang Earth Tiger Mao Rabbit Mar 06, 2026 (Fri) Yin Earth Rabbit Mao Rabbit Mar 07, 2026 (Sat) Yang Metal Dragon Mao Rabbit Mar 08, 2026 (Sun) Yin Metal Snake Mao Rabbit Mar 09, 2026 (Mon) Yang Water Horse Mao Rabbit Mar 10, 2026 (Tue) Yin Water Goat Mao Rabbit Mar 11, 2026 (Wed) Yang Wood Monkey Mao Rabbit Mar 12, 2026 (Thu) Yin Wood Rooster Mao Rabbit Mar 13, 2026 (Fri) Yang Fire Dog Mao Rabbit Mar 14, 2026 (Sat) Yin Fire Pig Mao Rabbit Mar 15, 2026 (Sun) Yang Earth Rat Mao Rabbit Mar 16, 2026 (Mon) Yin Earth Ox Mao Rabbit Mar 17, 2026 (Tue) Yang Metal Tiger Mao Rabbit Mar 18, 2026 (Wed) Yin Metal Rabbit Mao Rabbit Mar 19, 2026 (Thu) Yang Water Dragon Mao Rabbit Mar 20, 2026 (Fri) Yin Water Snake Mao Rabbit Mar 21, 2026 (Sat) Yang Wood Horse Mao Rabbit Mar 22, 2026 (Sun) Yin Wood Goat Mao Rabbit Mar 23, 2026 (Mon) Yang Fire Monkey Mao Rabbit Mar 24, 2026 (Tue) Yin Fire Rooster Mao Rabbit Mar 25, 2026 (Wed) Yang Earth Dog Mao Rabbit Mar 26, 2026 (Thu) Yin Earth Pig Mao Rabbit Mar 27, 2026 (Fri) Yang Metal Rat Mao Rabbit Mar 28, 2026 (Sat) Yin Metal Ox Mao Rabbit Mar 29, 2026 (Sun) Yang Water Tiger Mao Rabbit Mar 30, 2026 (Mon) Yin Water Rabbit Mao Rabbit Mar 31, 2026 (Tue) Yang Wood Dragon Mao Rabbit Apr 01, 2026 (Wed) Yin Wood Snake Mao Rabbit Apr 02, 2026 (Thu) Yang Fire Horse Mao Rabbit Apr 03, 2026 (Fri) Yin Fire Goat Mao Rabbit Apr 04, 2026 (Sat) Yang Earth Monkey Chen Dragon Apr 05, 2026 (Sun) Yin Earth Rooster Chen Dragon Apr 06, 2026 (Mon) Yang Metal Dog Chen Dragon Apr 07, 2026 (Tue) Yin Metal Pig Chen Dragon Apr 08, 2026 (Wed) Yang Water Rat Chen Dragon Apr 09, 2026 (Thu) Yin Water Ox Chen Dragon Apr 10, 2026 (Fri) Yang Wood Tiger Chen Dragon Apr 11, 2026 (Sat) Yin Wood Rabbit Chen Dragon Apr 12, 2026 (Sun) Yang Fire Dragon Chen Dragon Apr 13, 2026 (Mon) Yin Fire Snake Chen Dragon Apr 14, 2026 (Tue) Yang Earth Horse Chen Dragon Apr 15, 2026 (Wed) Yin Earth Goat Chen Dragon Apr 16, 2026 (Thu) Yang Metal Monkey Chen Dragon Apr 17, 2026 (Fri) Yin Metal Rooster Chen Dragon Apr 18, 2026 (Sat) Yang Water Dog Chen Dragon Apr 19, 2026 (Sun) Yin Water Pig Chen Dragon Apr 20, 2026 (Mon) Yang Wood Rat Chen Dragon Apr 21, 2026 (Tue) Yin Wood Ox Chen Dragon Apr 22, 2026 (Wed) Yang Fire Tiger Chen Dragon Apr 23, 2026 (Thu) Yin Fire Rabbit Chen Dragon Apr 24, 2026 (Fri) Yang Earth Dragon Chen Dragon Apr 25, 2026 (Sat) Yin Earth Snake Chen Dragon Apr 26, 2026 (Sun) Yang Metal Horse Chen Dragon Apr 27, 2026 (Mon) Yin Metal Goat Chen Dragon Apr 28, 2026 (Tue) Yang Water Monkey Chen Dragon Apr 29, 2026 (Wed) Yin Water Rooster Chen Dragon Apr 30, 2026 (Thu) Yang Wood Dog Chen Dragon May 01, 2026 (Fri) Yin Wood Pig Chen Dragon May 02, 2026 (Sat) Yang Fire Rat Chen Dragon May 03, 2026 (Sun) Yin Fire Ox Chen Dragon May 04, 2026 (Mon) Yang Earth Tiger Si Snake May 05, 2026 (Tue) Yin Earth Rabbit Si Snake May 06, 2026 (Wed) Yang Metal Dragon Si Snake May 07, 2026 (Thu) Yin Metal Snake Si Snake May 08, 2026 (Fri) Yang Water Horse Si Snake May 09, 2026 (Sat) Yin Water Goat Si Snake May 10, 2026 (Sun) Yang Wood Monkey Si Snake May 11, 2026 (Mon) Yin Wood Rooster Si Snake May 12, 2026 (Tue) Yang Fire Dog Si Snake May 13, 2026 (Wed) Yin Fire Pig Si Snake May 14, 2026 (Thu) Yang Earth Rat Si Snake May 15, 2026 (Fri) Yin Earth Ox Si Snake May 16, 2026 (Sat) Yang Metal Tiger Si Snake May 17, 2026 (Sun) Yin Metal Rabbit Si Snake May 18, 2026 (Mon) Yang Water Dragon Si Snake May 19, 2026 (Tue) Yin Water Snake Si Snake May 20, 2026 (Wed) Yang Wood Horse Si Snake May 21, 2026 (Thu) Yin Wood Goat Si Snake May 22, 2026 (Fri) Yang Fire Monkey Si Snake May 23, 2026 (Sat) Yin Fire Rooster Si Snake May 24, 2026 (Sun) Yang Earth Dog Si Snake May 25, 2026 (Mon) Yin Earth Pig Si Snake May 26, 2026 (Tue) Yang Metal Rat Si Snake May 27, 2026 (Wed) Yin Metal Ox Si Snake May 28, 2026 (Thu) Yang Water Tiger Si Snake May 29, 2026 (Fri) Yin Water Rabbit Si Snake May 30, 2026 (Sat) Yang Wood Dragon Si Snake May 31, 2026 (Sun) Yin Wood Snake Si Snake Jun 01, 2026 (Mon) Yang Fire Horse Si Snake Jun 02, 2026 (Tue) Yin Fire Goat Si Snake Jun 03, 2026 (Wed) Yang Earth Monkey Si Snake Jun 04, 2026 (Thu) Yin Earth Rooster Wu Horse Jun 05, 2026 (Fri) Yang Metal Dog Wu Horse Jun 06, 2026 (Sat) Yin Metal Pig Wu Horse Jun 07, 2026 (Sun) Yang Water Rat Wu Horse Jun 08, 2026 (Mon) Yin Water Ox Wu Horse Jun 09, 2026 (Tue) Yang Wood Tiger Wu Horse Jun 10, 2026 (Wed) Yin Wood Rabbit Wu Horse Jun 11, 2026 (Thu) Yang Fire Dragon Wu Horse Jun 12, 2026 (Fri) Yin Fire Snake Wu Horse Jun 13, 2026 (Sat) Yang Earth Horse Wu Horse Jun 14, 2026 (Sun) Yin Earth Goat Wu Horse Jun 15, 2026 (Mon) Yang Metal Monkey Wu Horse Jun 16, 2026 (Tue) Yin Metal Rooster Wu Horse Jun 17, 2026 (Wed) Yang Water Dog Wu Horse Jun 18, 2026 (Thu) Yin Water Pig Wu Horse Jun 19, 2026 (Fri) Yang Wood Rat Wu Horse Jun 20, 2026 (Sat) Yin Wood Ox Wu Horse Jun 21, 2026 (Sun) Yang Fire Tiger Wu Horse Jun 22, 2026 (Mon) Yin Fire Rabbit Wu Horse Jun 23, 2026 (Tue) Yang Earth Dragon Wu Horse Jun 24, 2026 (Wed) Yin Earth Snake Wu Horse Jun 25, 2026 (Thu) Yang Metal Horse Wu Horse Jun 26, 2026 (Fri) Yin Metal Goat Wu Horse Jun 27, 2026 (Sat) Yang Water Monkey Wu Horse Jun 28, 2026 (Sun) Yin Water Rooster Wu Horse Jun 29, 2026 (Mon) Yang Wood Dog Wu Horse Jun 30, 2026 (Tue) Yin Wood Pig Wu Horse Jul 01, 2026 (Wed) Yang Fire Rat Wu Horse Jul 02, 2026 (Thu) Yin Fire Ox Wu Horse Jul 03, 2026 (Fri) Yang Earth Tiger Wu Horse Jul 04, 2026 (Sat) Yin Earth Rabbit Wei Goat Jul 05, 2026 (Sun) Yang Metal Dragon Wei Goat Jul 06, 2026 (Mon) Yin Metal Snake Wei Goat Jul 07, 2026 (Tue) Yang Water Horse Wei Goat Jul 08, 2026 (Wed) Yin Water Goat Wei Goat Jul 09, 2026 (Thu) Yang Wood Monkey Wei Goat Jul 10, 2026 (Fri) Yin Wood Rooster Wei Goat Jul 11, 2026 (Sat) Yang Fire Dog Wei Goat Jul 12, 2026 (Sun) Yin Fire Pig Wei Goat Jul 13, 2026 (Mon) Yang Earth Rat Wei Goat Jul 14, 2026 (Tue) Yin Earth Ox Wei Goat Jul 15, 2026 (Wed) Yang Metal Tiger Wei Goat Jul 16, 2026 (Thu) Yin Metal Rabbit Wei Goat Jul 17, 2026 (Fri) Yang Water Dragon Wei Goat Jul 18, 2026 (Sat) Yin Water Snake Wei Goat Jul 19, 2026 (Sun) Yang Wood Horse Wei Goat Jul 20, 2026 (Mon) Yin Wood Goat Wei Goat Jul 21, 2026 (Tue) Yang Fire Monkey Wei Goat Jul 22, 2026 (Wed) Yin Fire Rooster Wei Goat Jul 23, 2026 (Thu) Yang Earth Dog Wei Goat Jul 24, 2026 (Fri) Yin Earth Pig Wei Goat Jul 25, 2026 (Sat) Yang Metal Rat Wei Goat Jul 26, 2026 (Sun) Yin Metal Ox Wei Goat Jul 27, 2026 (Mon) Yang Water Tiger Wei Goat Jul 28, 2026 (Tue) Yin Water Rabbit Wei Goat Jul 29, 2026 (Wed) Yang Wood Dragon Wei Goat Jul 30, 2026 (Thu) Yin Wood Snake Wei Goat Jul 31, 2026 (Fri) Yang Fire Horse Wei Goat Aug 01, 2026 (Sat) Yin Fire Goat Wei Goat Aug 02, 2026 (Sun) Yang Earth Monkey Wei Goat Aug 03, 2026 (Mon) Yin Earth Rooster Wei Goat Aug 04, 2026 (Tue) Yang Metal Dog Shen Monkey Aug 05, 2026 (Wed) Yin Metal Pig Shen Monkey Aug 06, 2026 (Thu) Yang Water Rat Shen Monkey Aug 07, 2026 (Fri) Yin Water Ox Shen Monkey Aug 08, 2026 (Sat) Yang Wood Tiger Shen Monkey Aug 09, 2026 (Sun) Yin Wood Rabbit Shen Monkey Aug 10, 2026 (Mon) Yang Fire Dragon Shen Monkey Aug 11, 2026 (Tue) Yin Fire Snake Shen Monkey Aug 12, 2026 (Wed) Yang Earth Horse Shen Monkey Aug 13, 2026 (Thu) Yin Earth Goat Shen Monkey Aug 14, 2026 (Fri) Yang Metal Monkey Shen Monkey Aug 15, 2026 (Sat) Yin Metal Rooster Shen Monkey Aug 16, 2026 (Sun) Yang Water Dog Shen Monkey Aug 17, 2026 (Mon) Yin Water Pig Shen Monkey Aug 18, 2026 (Tue) Yang Wood Rat Shen Monkey Aug 19, 2026 (Wed) Yin Wood Ox Shen Monkey Aug 20, 2026 (Thu) Yang Fire Tiger Shen Monkey Aug 21, 2026 (Fri) Yin Fire Rabbit Shen Monkey Aug 22, 2026 (Sat) Yang Earth Dragon Shen Monkey Aug 23, 2026 (Sun) Yin Earth Snake Shen Monkey Aug 24, 2026 (Mon) Yang Metal Horse Shen Monkey Aug 25, 2026 (Tue) Yin Metal Goat Shen Monkey Aug 26, 2026 (Wed) Yang Water Monkey Shen Monkey Aug 27, 2026 (Thu) Yin Water Rooster Shen Monkey Aug 28, 2026 (Fri) Yang Wood Dog Shen Monkey Aug 29, 2026 (Sat) Yin Wood Pig Shen Monkey Aug 30, 2026 (Sun) Yang Fire Rat Shen Monkey Aug 31, 2026 (Mon) Yin Fire Ox Shen Monkey Sep 01, 2026 (Tue) Yang Earth Tiger Shen Monkey Sep 02, 2026 (Wed) Yin Earth Rabbit Shen Monkey Sep 03, 2026 (Thu) Yang Metal Dragon Shen Monkey Sep 04, 2026 (Fri) Yin Metal Snake You Rooster Sep 05, 2026 (Sat) Yang Water Horse You Rooster Sep 06, 2026 (Sun) Yin Water Goat You Rooster Sep 07, 2026 (Mon) Yang Wood Monkey You Rooster Sep 08, 2026 (Tue) Yin Wood Rooster You Rooster Sep 09, 2026 (Wed) Yang Fire Dog You Rooster Sep 10, 2026 (Thu) Yin Fire Pig You Rooster Sep 11, 2026 (Fri) Yang Earth Rat You Rooster Sep 12, 2026 (Sat) Yin Earth Ox You Rooster Sep 13, 2026 (Sun) Yang Metal Tiger You Rooster Sep 14, 2026 (Mon) Yin Metal Rabbit You Rooster Sep 15, 2026 (Tue) Yang Water Dragon You Rooster Sep 16, 2026 (Wed) Yin Water Snake You Rooster Sep 17, 2026 (Thu) Yang Wood Horse You Rooster Sep 18, 2026 (Fri) Yin Wood Goat You Rooster Sep 19, 2026 (Sat) Yang Fire Monkey You Rooster Sep 20, 2026 (Sun) Yin Fire Rooster You Rooster Sep 21, 2026 (Mon) Yang Earth Dog You Rooster Sep 22, 2026 (Tue) Yin Earth Pig You Rooster Sep 23, 2026 (Wed) Yang Metal Rat You Rooster Sep 24, 2026 (Thu) Yin Metal Ox You Rooster Sep 25, 2026 (Fri) Yang Water Tiger You Rooster Sep 26, 2026 (Sat) Yin Water Rabbit You Rooster Sep 27, 2026 (Sun) Yang Wood Dragon You Rooster Sep 28, 2026 (Mon) Yin Wood Snake You Rooster Sep 29, 2026 (Tue) Yang Fire Horse You Rooster Sep 30, 2026 (Wed) Yin Fire Goat You Rooster Oct 01, 2026 (Thu) Yang Earth Monkey You Rooster Oct 02, 2026 (Fri) Yin Earth Rooster You Rooster Oct 03, 2026 (Sat) Yang Metal Dog You Rooster Oct 04, 2026 (Sun) Yin Metal Pig Xu Dog Oct 05, 2026 (Mon) Yang Water Rat Xu Dog Oct 06, 2026 (Tue) Yin Water Ox Xu Dog Oct 07, 2026 (Wed) Yang Wood Tiger Xu Dog Oct 08, 2026 (Thu) Yin Wood Rabbit Xu Dog Oct 09, 2026 (Fri) Yang Fire Dragon Xu Dog Oct 10, 2026 (Sat) Yin Fire Snake Xu Dog Oct 11, 2026 (Sun) Yang Earth Horse Xu Dog Oct 12, 2026 (Mon) Yin Earth Goat Xu Dog Oct 13, 2026 (Tue) Yang Metal Monkey Xu Dog Oct 14, 2026 (Wed) Yin Metal Rooster Xu Dog Oct 15, 2026 (Thu) Yang Water Dog Xu Dog Oct 16, 2026 (Fri) Yin Water Pig Xu Dog Oct 17, 2026 (Sat) Yang Wood Rat Xu Dog Oct 18, 2026 (Sun) Yin Wood Ox Xu Dog Oct 19, 2026 (Mon) Yang Fire Tiger Xu Dog Oct 20, 2026 (Tue) Yin Fire Rabbit Xu Dog Oct 21, 2026 (Wed) Yang Earth Dragon Xu Dog Oct 22, 2026 (Thu) Yin Earth Snake Xu Dog Oct 23, 2026 (Fri) Yang Metal Horse Xu Dog Oct 24, 2026 (Sat) Yin Metal Goat Xu Dog Oct 25, 2026 (Sun) Yang Water Monkey Xu Dog Oct 26, 2026 (Mon) Yin Water Rooster Xu Dog Oct 27, 2026 (Tue) Yang Wood Dog Xu Dog Oct 28, 2026 (Wed) Yin Wood Pig Xu Dog Oct 29, 2026 (Thu) Yang Fire Rat Xu Dog Oct 30, 2026 (Fri) Yin Fire Ox Xu Dog Oct 31, 2026 (Sat) Yang Earth Tiger Xu Dog Nov 01, 2026 (Sun) Yin Earth Rabbit Xu Dog Nov 02, 2026 (Mon) Yang Metal Dragon Xu Dog Nov 03, 2026 (Tue) Yin Metal Snake Xu Dog Nov 04, 2026 (Wed) Yang Water Horse Hai Pig Nov 05, 2026 (Thu) Yin Water Goat Hai Pig Nov 06, 2026 (Fri) Yang Wood Monkey Hai Pig Nov 07, 2026 (Sat) Yin Wood Rooster Hai Pig Nov 08, 2026 (Sun) Yang Fire Dog Hai Pig Nov 09, 2026 (Mon) Yin Fire Pig Hai Pig Nov 10, 2026 (Tue) Yang Earth Rat Hai Pig Nov 11, 2026 (Wed) Yin Earth Ox Hai Pig Nov 12, 2026 (Thu) Yang Metal Tiger Hai Pig Nov 13, 2026 (Fri) Yin Metal Rabbit Hai Pig Nov 14, 2026 (Sat) Yang Water Dragon Hai Pig Nov 15, 2026 (Sun) Yin Water Snake Hai Pig Nov 16, 2026 (Mon) Yang Wood Horse Hai Pig Nov 17, 2026 (Tue) Yin Wood Goat Hai Pig Nov 18, 2026 (Wed) Yang Fire Monkey Hai Pig Nov 19, 2026 (Thu) Yin Fire Rooster Hai Pig Nov 20, 2026 (Fri) Yang Earth Dog Hai Pig Nov 21, 2026 (Sat) Yin Earth Pig Hai Pig Nov 22, 2026 (Sun) Yang Metal Rat Hai Pig Nov 23, 2026 (Mon) Yin Metal Ox Hai Pig Nov 24, 2026 (Tue) Yang Water Tiger Hai Pig Nov 25, 2026 (Wed) Yin Water Rabbit Hai Pig Nov 26, 2026 (Thu) Yang Wood Dragon Hai Pig Nov 27, 2026 (Fri) Yin Wood Snake Hai Pig Nov 28, 2026 (Sat) Yang Fire Horse Hai Pig Nov 29, 2026 (Sun) Yin Fire Goat Hai Pig Nov 30, 2026 (Mon) Yang Earth Monkey Hai Pig Dec 01, 2026 (Tue) Yin Earth Rooster Hai Pig Dec 02, 2026 (Wed) Yang Metal Dog Hai Pig Dec 03, 2026 (Thu) Yin Metal Pig Hai Pig Dec 04, 2026 (Fri) Yang Water Rat Zi Rat Dec 05, 2026 (Sat) Yin Water Ox Zi Rat Dec 06, 2026 (Sun) Yang Wood Tiger Zi Rat Dec 07, 2026 (Mon) Yin Wood Rabbit Zi Rat Dec 08, 2026 (Tue) Yang Fire Dragon Zi Rat Dec 09, 2026 (Wed) Yin Fire Snake Zi Rat Dec 10, 2026 (Thu) Yang Earth Horse Zi Rat Dec 11, 2026 (Fri) Yin Earth Goat Zi Rat Dec 12, 2026 (Sat) Yang Metal Monkey Zi Rat Dec 13, 2026 (Sun) Yin Metal Rooster Zi Rat Dec 14, 2026 (Mon) Yang Water Dog Zi Rat Dec 15, 2026 (Tue) Yin Water Pig Zi Rat Dec 16, 2026 (Wed) Yang Wood Rat Zi Rat Dec 17, 2026 (Thu) Yin Wood Ox Zi Rat Dec 18, 2026 (Fri) Yang Fire Tiger Zi Rat Dec 19, 2026 (Sat) Yin Fire Rabbit Zi Rat Dec 20, 2026 (Sun) Yang Earth Dragon Zi Rat Dec 21, 2026 (Mon) Yin Earth Snake Zi Rat Dec 22, 2026 (Tue) Yang Metal Horse Zi Rat Dec 23, 2026 (Wed) Yin Metal Goat Zi Rat Dec 24, 2026 (Thu) Yang Water Monkey Zi Rat Dec 25, 2026 (Fri) Yin Water Rooster Zi Rat Dec 26, 2026 (Sat) Yang Wood Dog Zi Rat Dec 27, 2026 (Sun) Yin Wood Pig Zi Rat Dec 28, 2026 (Mon) Yang Fire Rat Zi Rat Dec 29, 2026 (Tue) Yin Fire Ox Zi Rat Dec 30, 2026 (Wed) Yang Earth Tiger Zi Rat Dec 31, 2026 (Thu) Yin Earth Rabbit Zi Rat